Date,Close
1/2/2015,308.52
1/5/2015,302.19
1/6/2015,295.29
1/7/2015,298.42
1/8/2015,300.46
1/9/2015,296.93
1/12/2015,291.41
1/13/2015,294.74
1/14/2015,293.27
1/15/2015,286.95
1/16/2015,290.74
1/20/2015,289.44
1/21/2015,297.25
1/22/2015,310.32
1/23/2015,312.39
1/26/2015,309.66
1/27/2015,306.75
1/28/2015,303.91
1/29/2015,311.78
1/30/2015,354.53
2/2/2015,364.47
2/3/2015,363.55
2/4/2015,364.75
2/5/2015,373.89
2/6/2015,374.28
2/9/2015,370.56
2/10/2015,373
2/11/2015,375.14
2/12/2015,377.17
2/13/2015,381.83
2/17/2015,375.43
2/18/2015,373.37
2/19/2015,379
2/20/2015,383.66
2/23/2015,380.14
2/24/2015,378.59
2/25/2015,385.37
2/26/2015,384.8
2/27/2015,380.16
3/2/2015,385.66
3/3/2015,384.61
3/4/2015,382.72
3/5/2015,387.83
3/6/2015,380.09
3/9/2015,378.56
3/10/2015,369.51
3/11/2015,366.37
3/12/2015,374.24
3/13/2015,370.58
3/16/2015,373.35
3/17/2015,371.92
3/18/2015,375.14
3/19/2015,373.24
3/20/2015,378.49
3/23/2015,375.11
3/24/2015,374.09
3/25/2015,370.96
3/26/2015,367.35
3/27/2015,370.56
3/30/2015,374.59
3/31/2015,372.1
4/1/2015,370.26
4/2/2015,372.25
4/6/2015,377.04
4/7/2015,374.41
4/8/2015,381.2
4/9/2015,383.54
4/10/2015,382.65
4/13/2015,382.36
4/14/2015,385.11
4/15/2015,383.45
4/16/2015,386.04
4/17/2015,375.56
4/20/2015,389.51
4/21/2015,391.18
4/22/2015,389.8
4/23/2015,389.99
4/24/2015,445.1
4/27/2015,438.56
4/28/2015,429.31
4/29/2015,429.37
4/30/2015,421.78
5/1/2015,422.87
5/4/2015,423.04
5/5/2015,421.19
5/6/2015,419.1
5/7/2015,426.88
5/8/2015,433.69
5/11/2015,432.85
5/12/2015,431.02
5/13/2015,426.87
5/14/2015,432.28
5/15/2015,426
5/18/2015,425.24
5/19/2015,421.71
5/20/2015,423.86
5/21/2015,431.63
5/22/2015,427.63
5/26/2015,425.47
5/27/2015,431.42
5/28/2015,426.57
5/29/2015,429.23
6/1/2015,430.92
6/2/2015,430.99
6/3/2015,436.59
6/4/2015,430.78
6/5/2015,426.95
6/8/2015,423.5
6/9/2015,425.48
6/10/2015,430.77
6/11/2015,432.97
6/12/2015,429.92
6/15/2015,423.67
6/16/2015,427.26
6/17/2015,427.81
6/18/2015,439.39
6/19/2015,434.92
6/22/2015,436.29
6/23/2015,445.99
6/24/2015,440.84
6/25/2015,440.1
6/26/2015,438.1
6/29/2015,429.86
6/30/2015,434.09
7/1/2015,437.39
7/2/2015,437.71
7/6/2015,436.04
7/7/2015,436.72
7/8/2015,429.7
7/9/2015,434.39
7/10/2015,443.51
7/13/2015,455.57
7/14/2015,465.57
7/15/2015,461.19
7/16/2015,475.48
7/17/2015,483.01
7/20/2015,488.1
7/21/2015,488
7/22/2015,488.27
7/23/2015,482.18
7/24/2015,529.42
7/27/2015,531.41
7/28/2015,526.03
7/29/2015,529
7/30/2015,536.76
7/31/2015,536.15
8/3/2015,535.03
8/4/2015,531.9
8/5/2015,537.01
8/6/2015,529.46
8/7/2015,522.62
8/10/2015,524
8/11/2015,527.46
8/12/2015,525.91
8/13/2015,529.66
8/14/2015,531.52
8/17/2015,535.22
8/18/2015,535.02
8/19/2015,532.92
8/20/2015,515.78
8/21/2015,494.47
8/24/2015,463.37
8/25/2015,466.37
8/26/2015,500.77
8/27/2015,518.37
8/28/2015,518.01
8/31/2015,512.89
9/1/2015,496.54
9/2/2015,510.55
9/3/2015,504.72
9/4/2015,499
9/8/2015,517.54
9/9/2015,516.89
9/10/2015,522.24
9/11/2015,529.44
9/14/2015,521.38
9/15/2015,522.37
9/16/2015,527.39
9/17/2015,538.87
9/18/2015,540.26
9/21/2015,548.39
9/22/2015,538.4
9/23/2015,536.07
9/24/2015,533.75
9/25/2015,524.25
9/28/2015,504.06
9/29/2015,496.07
9/30/2015,511.89
10/1/2015,520.72
10/2/2015,532.54
10/5/2015,543.68
10/6/2015,537.48
10/7/2015,541.94
10/8/2015,533.16
10/9/2015,539.8
10/12/2015,550.19
10/13/2015,548.9
10/14/2015,544.83
10/15/2015,562.44
10/16/2015,570.76
10/19/2015,573.15
10/20/2015,560.88
10/21/2015,555.77
10/22/2015,563.91
10/23/2015,599.03
10/26/2015,608.61
10/27/2015,611.01
10/28/2015,617.1
10/29/2015,626.55
10/30/2015,625.9
11/2/2015,628.35
11/3/2015,625.31
11/4/2015,640.95
11/5/2015,655.65
11/6/2015,659.37
11/9/2015,655.49
11/10/2015,659.68
11/11/2015,673.25
11/12/2015,665.6
11/13/2015,642.35
11/16/2015,647.81
11/17/2015,643.3
11/18/2015,663.54
11/19/2015,661.27
11/20/2015,668.45
11/23/2015,678.99
11/24/2015,671.15
11/25/2015,675.34
11/27/2015,673.26
11/30/2015,664.8
12/1/2015,679.06
12/2/2015,676.01
12/3/2015,666.25
12/4/2015,672.64
12/7/2015,669.83
12/8/2015,677.33
12/9/2015,664.79
12/10/2015,662.32
12/11/2015,640.15
12/14/2015,657.91
12/15/2015,658.64
12/16/2015,675.77
12/17/2015,670.65
12/18/2015,664.14
12/21/2015,664.51
12/22/2015,663.15
12/23/2015,663.7
12/24/2015,662.79
12/28/2015,675.2
12/29/2015,693.97
12/30/2015,689.07
12/31/2015,675.89
1/4/2016,636.99
1/5/2016,633.79
1/6/2016,632.65
1/7/2016,607.94
1/8/2016,607.05
1/11/2016,617.74
1/12/2016,617.89
1/13/2016,581.81
1/14/2016,593
1/15/2016,570.18
1/19/2016,574.48
1/20/2016,571.77
1/21/2016,575.02
1/22/2016,596.38
1/25/2016,596.53
1/26/2016,601.25
1/27/2016,583.35
1/28/2016,635.35
1/29/2016,587
2/1/2016,574.81
2/2/2016,552.1
2/3/2016,531.07
2/4/2016,536.26
2/5/2016,502.13
2/8/2016,488.1
2/9/2016,482.07
2/10/2016,490.48
2/11/2016,503.82
2/12/2016,507.08
2/16/2016,521.1
2/17/2016,534.1
2/18/2016,525
2/19/2016,534.9
2/22/2016,559.5
2/23/2016,552.94
2/24/2016,554.04
2/25/2016,555.15
2/26/2016,555.23
2/29/2016,552.52
3/1/2016,579.04
3/2/2016,580.21
3/3/2016,577.49
3/4/2016,575.14
3/7/2016,562.8
3/8/2016,560.26
3/9/2016,559.47
3/10/2016,558.93
3/11/2016,569.61
3/14/2016,573.37
3/15/2016,577.02
3/16/2016,574.27
3/17/2016,559.44
3/18/2016,552.08
3/21/2016,553.98
3/22/2016,560.48
3/23/2016,569.63
3/24/2016,582.95
3/28/2016,579.87
3/29/2016,593.86
3/30/2016,598.69
3/31/2016,593.64
4/1/2016,598.5
4/4/2016,593.19
4/5/2016,586.14
4/6/2016,602.08
4/7/2016,591.43
4/8/2016,594.6
4/11/2016,595.93
4/12/2016,603.17
4/13/2016,614.82
4/14/2016,620.75
4/15/2016,625.89
4/18/2016,635.35
4/19/2016,627.9
4/20/2016,632.99
4/21/2016,631
4/22/2016,620.5
4/25/2016,626.2
4/26/2016,616.88
4/27/2016,606.57
4/28/2016,602
4/29/2016,659.59
5/2/2016,683.85
5/3/2016,671.32
5/4/2016,670.9
5/5/2016,659.09
5/6/2016,673.95
5/9/2016,679.75
5/10/2016,703.07
5/11/2016,713.23
5/12/2016,717.93
5/13/2016,709.92
5/16/2016,710.66
5/17/2016,695.27
5/18/2016,697.45
5/19/2016,698.52
5/20/2016,702.8
5/23/2016,696.75
5/24/2016,704.2
5/25/2016,708.35
5/26/2016,714.91
5/27/2016,712.24
5/31/2016,722.79
6/1/2016,719.44
6/2/2016,728.24
6/3/2016,725.54
6/6/2016,726.73
6/7/2016,723.74
6/8/2016,726.64
6/9/2016,727.65
6/10/2016,717.91
6/13/2016,715.24
6/14/2016,719.3
6/15/2016,714.26
6/16/2016,717.51
6/17/2016,706.39
6/20/2016,714.01
6/21/2016,715.82
6/22/2016,710.6
6/23/2016,722.08
6/24/2016,698.96
6/27/2016,691.36
6/28/2016,707.95
6/29/2016,715.6
6/30/2016,715.62
7/1/2016,725.68
7/5/2016,728.1
7/6/2016,737.61
7/7/2016,736.57
7/8/2016,745.81
7/11/2016,753.78
7/12/2016,748.21
7/13/2016,742.63
7/14/2016,741.2
7/15/2016,735.44
7/18/2016,736.07
7/19/2016,739.95
7/20/2016,745.72
7/21/2016,744.43
7/22/2016,744.86
7/25/2016,739.61
7/26/2016,735.59
7/27/2016,736.67
7/28/2016,752.61
7/29/2016,758.81
8/1/2016,767.74
8/2/2016,760.58
8/3/2016,754.64
8/4/2016,760.77
8/5/2016,765.98
8/8/2016,766.56
8/9/2016,768.31
8/10/2016,768.56
8/11/2016,771.24
8/12/2016,772.56
8/15/2016,768.49
8/16/2016,764.04
8/17/2016,764.63
8/18/2016,764.46
8/19/2016,757.31
8/22/2016,759.48
8/23/2016,762.45
8/24/2016,757.25
8/25/2016,759.22
8/26/2016,769
8/29/2016,771.29
8/30/2016,767.58
8/31/2016,769.16
9/1/2016,770.62
9/2/2016,772.44
9/6/2016,788.87
9/7/2016,784.48
9/8/2016,784.06
9/9/2016,760.14
9/12/2016,771.49
9/13/2016,761.01
9/14/2016,761.09
9/15/2016,769.69
9/16/2016,778.52
9/19/2016,775.1
9/20/2016,780.22
9/21/2016,789.74
9/22/2016,804.7
9/23/2016,805.75
9/26/2016,799.16
9/27/2016,816.11
9/28/2016,828.72
9/29/2016,829.05
9/30/2016,837.31
10/3/2016,836.74
10/4/2016,834.03
10/5/2016,844.36
10/6/2016,841.66
10/7/2016,839.43
10/10/2016,841.71
10/11/2016,831
10/12/2016,834.09
10/13/2016,829.28
10/14/2016,822.96
10/17/2016,812.95
10/18/2016,817.65
10/19/2016,817.69
10/20/2016,810.32
10/21/2016,818.99
10/24/2016,838.09
10/25/2016,835.18
10/26/2016,822.59
10/27/2016,818.36
10/28/2016,776.32
10/31/2016,789.82
11/1/2016,785.41
11/2/2016,765.56
11/3/2016,767.03
11/4/2016,755.05
11/7/2016,784.93
11/8/2016,787.75
11/9/2016,771.88
11/10/2016,742.38
11/11/2016,739.01
11/14/2016,719.07
11/15/2016,743.24
11/16/2016,746.49
11/17/2016,756.4
11/18/2016,760.16
11/21/2016,780
11/22/2016,785.33
11/23/2016,780.12
11/25/2016,780.37
11/28/2016,766.77
11/29/2016,762.52
11/30/2016,750.57
12/1/2016,743.65
12/2/2016,740.34
12/5/2016,759.36
12/6/2016,764.72
12/7/2016,770.42
12/8/2016,767.33
12/9/2016,768.66
12/12/2016,760.12
12/13/2016,774.34
12/14/2016,768.82
12/15/2016,761
12/16/2016,757.77
12/19/2016,766
12/20/2016,771.22
12/21/2016,770.6
12/22/2016,766.34
12/23/2016,760.59
12/27/2016,771.4
12/28/2016,772.13
12/29/2016,765.15
12/30/2016,749.87
1/3/2017,753.67
1/4/2017,757.18
1/5/2017,780.45
1/6/2017,795.99
1/9/2017,796.92
1/10/2017,795.9
1/11/2017,799.02
1/12/2017,813.64
1/13/2017,817.14
1/17/2017,809.72
1/18/2017,807.48
1/19/2017,809.04
1/20/2017,808.33
1/23/2017,817.88
1/24/2017,822.44
1/25/2017,836.52
1/26/2017,839.15
1/27/2017,835.77
1/30/2017,830.38
1/31/2017,823.48
2/1/2017,832.35
2/2/2017,839.95
2/3/2017,810.2
2/6/2017,807.64
2/7/2017,812.5
2/8/2017,819.71
2/9/2017,821.36
2/10/2017,827.46
2/13/2017,836.53
2/14/2017,836.39
2/15/2017,842.7
2/16/2017,844.14
2/17/2017,845.07
2/21/2017,856.44
2/22/2017,855.61
2/23/2017,852.19
2/24/2017,845.24
2/27/2017,848.64
2/28/2017,845.04
3/1/2017,853.08
3/2/2017,848.91
3/3/2017,849.88
3/6/2017,846.61
3/7/2017,846.02
3/8/2017,850.5
3/9/2017,853
3/10/2017,852.46
3/13/2017,854.59
3/14/2017,852.53
3/15/2017,852.97
3/16/2017,853.42
3/17/2017,852.31
3/20/2017,856.97
3/21/2017,843.2
3/22/2017,848.06
3/23/2017,847.38
3/24/2017,845.61
3/27/2017,846.82
3/28/2017,856
3/29/2017,874.32
3/30/2017,876.34
3/31/2017,886.54
4/3/2017,891.51
4/4/2017,906.83
4/5/2017,909.28
4/6/2017,898.28
4/7/2017,894.88
4/10/2017,907.04
4/11/2017,902.36
4/12/2017,896.23
4/13/2017,884.67
4/17/2017,901.99
4/18/2017,903.78
4/19/2017,899.2
4/20/2017,902.06
4/21/2017,898.53
4/24/2017,907.41
4/25/2017,907.62
4/26/2017,909.29
4/27/2017,918.38
4/28/2017,924.99
5/1/2017,948.23
5/2/2017,946.94
5/3/2017,941.03
5/4/2017,937.53
5/5/2017,934.15
5/8/2017,949.04
5/9/2017,952.82
5/10/2017,948.95
5/11/2017,947.62
5/12/2017,961.35
5/15/2017,957.97
5/16/2017,966.07
5/17/2017,944.76
5/18/2017,958.49
5/19/2017,959.84
5/22/2017,970.67
5/23/2017,971.54
5/24/2017,980.35
5/25/2017,993.38
5/26/2017,995.78
5/30/2017,996.7
5/31/2017,994.62
6/1/2017,995.95
6/2/2017,1006.73
6/5/2017,1011.34
6/6/2017,1003
6/7/2017,1010.07
6/8/2017,1010.27
6/9/2017,978.31
6/12/2017,964.91
6/13/2017,980.79
6/14/2017,976.47
6/15/2017,964.17
6/16/2017,987.71
6/19/2017,995.17
6/20/2017,992.59
6/21/2017,1002.23
6/22/2017,1001.3
6/23/2017,1003.74
6/26/2017,993.98
6/27/2017,976.78
6/28/2017,990.33
6/29/2017,975.93
6/30/2017,968
7/3/2017,953.66
7/5/2017,971.4
7/6/2017,965.14
7/7/2017,978.76
7/10/2017,996.47
7/11/2017,994.13
7/12/2017,1006.51
7/13/2017,1000.63
7/14/2017,1001.81
7/17/2017,1010.04
7/18/2017,1024.45
7/19/2017,1026.87
7/20/2017,1028.7
7/21/2017,1025.67
7/24/2017,1038.95
7/25/2017,1039.87
7/26/2017,1052.8
7/27/2017,1046
7/28/2017,1020.04
7/31/2017,987.78
8/1/2017,996.19
8/2/2017,995.89
8/3/2017,986.92
8/4/2017,987.58
8/7/2017,992.27
8/8/2017,989.84
8/9/2017,982.01
8/10/2017,956.92
8/11/2017,967.99
8/14/2017,983.3
8/15/2017,982.74
8/16/2017,978.18
8/17/2017,960.57
8/18/2017,958.47
8/21/2017,953.29
8/22/2017,966.9
8/23/2017,958
8/24/2017,952.45
8/25/2017,945.26
8/28/2017,946.02
8/29/2017,954.06
8/30/2017,967.59
8/31/2017,980.6
9/1/2017,978.25
9/5/2017,965.27
9/6/2017,967.8
9/7/2017,979.47
9/8/2017,965.9
9/11/2017,977.96
9/12/2017,982.58
9/13/2017,999.6
9/14/2017,992.21
9/15/2017,986.79
9/18/2017,974.19
9/19/2017,969.86
9/20/2017,973.21
9/21/2017,964.65
9/22/2017,955.1
9/25/2017,939.79
9/26/2017,938.6
9/27/2017,950.87
9/28/2017,956.4
9/29/2017,961.35
10/2/2017,959.19
10/3/2017,957.1
10/4/2017,965.45
10/5/2017,980.85
10/6/2017,989.58
10/9/2017,990.99
10/10/2017,987.2
10/11/2017,995
10/12/2017,1000.93
10/13/2017,1002.94
10/16/2017,1006.34
10/17/2017,1009.13
10/18/2017,997
10/19/2017,986.61
10/20/2017,982.91
10/23/2017,966.3
10/24/2017,975.9
10/25/2017,972.91
10/26/2017,972.43
10/27/2017,1100.95
10/30/2017,1110.85
10/31/2017,1105.28
11/1/2017,1103.68
11/2/2017,1094.22
11/3/2017,1111.6
11/6/2017,1120.66
11/7/2017,1123.17
11/8/2017,1132.88
11/9/2017,1129.13
11/10/2017,1125.35
11/13/2017,1129.17
11/14/2017,1136.84
11/15/2017,1126.69
11/16/2017,1137.29
11/17/2017,1129.88
11/20/2017,1126.31
11/21/2017,1139.49
11/22/2017,1156.16
11/24/2017,1186
11/27/2017,1195.83
11/28/2017,1193.6
11/29/2017,1161.27
11/30/2017,1176.75
12/1/2017,1162.35
12/4/2017,1133.95
12/5/2017,1141.57
12/6/2017,1152.35
12/7/2017,1159.79
12/8/2017,1162
12/11/2017,1168.92
12/12/2017,1165.08
12/13/2017,1164.13
12/14/2017,1174.26
12/15/2017,1179.14
12/18/2017,1190.58
12/19/2017,1187.38
12/20/2017,1177.62
12/21/2017,1174.76
12/22/2017,1168.36
12/26/2017,1176.76
12/27/2017,1182.26
12/28/2017,1186.1
12/29/2017,1169.47
1/2/2018,1189.01
1/3/2018,1204.2
1/4/2018,1209.59
1/5/2018,1229.14
1/8/2018,1246.87
1/9/2018,1252.7
1/10/2018,1254.33
1/11/2018,1276.68
1/12/2018,1305.2
1/16/2018,1304.86
1/17/2018,1295
1/18/2018,1293.32
1/19/2018,1294.58
1/22/2018,1327.31
1/23/2018,1362.54
1/24/2018,1357.51
1/25/2018,1377.95
1/26/2018,1402.05
1/29/2018,1417.68
1/30/2018,1437.82
1/31/2018,1450.89
2/1/2018,1390
2/2/2018,1429.95
2/5/2018,1390
2/6/2018,1442.84
2/7/2018,1416.78
2/8/2018,1350.5
2/9/2018,1339.6
2/12/2018,1386.23
2/13/2018,1414.51
2/14/2018,1451.05
2/15/2018,1461.76
2/16/2018,1448.69
2/20/2018,1468.35
2/21/2018,1482.92
2/22/2018,1485.34
2/23/2018,1500
2/26/2018,1521.95
2/27/2018,1511.98
2/28/2018,1512.45
3/1/2018,1493.45
3/2/2018,1500.25
3/5/2018,1523.61
3/6/2018,1537.64
3/7/2018,1545
3/8/2018,1551.86
3/9/2018,1578.89
3/12/2018,1598.39
3/13/2018,1588.18
3/14/2018,1591
3/15/2018,1582.32
3/16/2018,1571.68
3/19/2018,1544.93
3/20/2018,1586.51
3/21/2018,1581.86
3/22/2018,1544.92
3/23/2018,1495.56
3/26/2018,1555.86
3/27/2018,1497.05
3/28/2018,1431.42
3/29/2018,1447.34
4/2/2018,1371.99
4/3/2018,1392.05
4/4/2018,1410.57
4/5/2018,1451.75
4/6/2018,1405.23
4/9/2018,1406.08
4/10/2018,1436.22
4/11/2018,1427.05
4/12/2018,1448.5
4/13/2018,1430.79
4/16/2018,1441.5
4/17/2018,1503.83
4/18/2018,1527.84
4/19/2018,1556.91
4/20/2018,1527.49
4/23/2018,1517.86
4/24/2018,1460.09
4/25/2018,1460.17
4/26/2018,1517.96
4/27/2018,1572.62
4/30/2018,1566.13
5/1/2018,1582.26
5/2/2018,1569.68
5/3/2018,1572.08
5/4/2018,1580.95
5/7/2018,1600.14
5/8/2018,1592.39
5/9/2018,1608
5/10/2018,1609.08
5/11/2018,1602.91
5/14/2018,1601.54
5/15/2018,1576.12
5/16/2018,1587.28
5/17/2018,1581.76
5/18/2018,1574.37
5/21/2018,1585.46
5/22/2018,1581.4
5/23/2018,1601.86
5/24/2018,1603.07
5/25/2018,1610.15
5/29/2018,1612.87
5/30/2018,1624.89
5/31/2018,1629.62
6/1/2018,1641.54
6/4/2018,1665.27
6/5/2018,1696.35
6/6/2018,1695.75
6/7/2018,1689.3
6/8/2018,1683.99
6/11/2018,1689.12
6/12/2018,1698.75
6/13/2018,1704.86
6/14/2018,1723.86
6/15/2018,1715.97
6/18/2018,1723.79
6/19/2018,1734.78
6/20/2018,1750.08
6/21/2018,1730.22
6/22/2018,1715.67
6/25/2018,1663.15
6/26/2018,1691.09
6/27/2018,1660.51
6/28/2018,1701.45
6/29/2018,1699.8
7/2/2018,1713.78
7/3/2018,1693.96
7/5/2018,1699.73
7/6/2018,1710.63
7/9/2018,1739.02
7/10/2018,1743.07
7/11/2018,1755
7/12/2018,1796.62
7/13/2018,1813.03
7/16/2018,1822.49
7/17/2018,1843.93
7/18/2018,1842.92
7/19/2018,1812.97
7/20/2018,1813.7
7/23/2018,1802
7/24/2018,1829.24
7/25/2018,1863.61
7/26/2018,1808
7/27/2018,1817.27
7/30/2018,1779.22
7/31/2018,1777.44
8/1/2018,1797.17
8/2/2018,1834.33
8/3/2018,1823.29
8/6/2018,1847.75
8/7/2018,1862.48
8/8/2018,1886.52
8/9/2018,1898.52
8/10/2018,1886.3
8/13/2018,1896.2
8/14/2018,1919.65
8/15/2018,1882.62
8/16/2018,1886.52
8/17/2018,1882.22
8/20/2018,1876.71
8/21/2018,1883.42
8/22/2018,1904.9
8/23/2018,1902.9
8/24/2018,1905.39
8/27/2018,1927.68
8/28/2018,1932.82
8/29/2018,1998.1
8/30/2018,2002.38
8/31/2018,2012.71
9/4/2018,2039.51
9/5/2018,1994.82
9/6/2018,1958.31
9/7/2018,1952.07
9/10/2018,1939.01
9/11/2018,1987.15
9/12/2018,1990
9/13/2018,1989.87
9/14/2018,1970.19
9/17/2018,1908.03
9/18/2018,1941.05
9/19/2018,1926.42
9/20/2018,1944.3
9/21/2018,1915.01
9/24/2018,1934.36
9/25/2018,1974.55
9/26/2018,1974.85
9/27/2018,2012.98
9/28/2018,2003
10/1/2018,2004.36
10/2/2018,1971.31
10/3/2018,1952.76
10/4/2018,1909.42
10/5/2018,1889.65
10/8/2018,1864.42
10/9/2018,1870.32
10/10/2018,1755.25
10/11/2018,1719.36
10/12/2018,1788.61
10/15/2018,1760.95
10/16/2018,1819.96
10/17/2018,1831.73
10/18/2018,1770.72
10/19/2018,1764.03
10/22/2018,1789.3
10/23/2018,1768.7
10/24/2018,1664.2
10/25/2018,1782.17
10/26/2018,1642.81
10/29/2018,1538.88
10/30/2018,1530.42
10/31/2018,1598.01
11/1/2018,1665.53
11/2/2018,1665.53
11/5/2018,1627.8
11/6/2018,1642.81
11/7/2018,1755.49
11/8/2018,1754.91
11/9/2018,1712.43
11/12/2018,1636.85
11/13/2018,1631.17
11/14/2018,1599.01
11/15/2018,1619.44
11/16/2018,1593.41
11/19/2018,1512.29
11/20/2018,1495.46
11/21/2018,1516.73
11/23/2018,1502.06
11/26/2018,1581.33
11/27/2018,1581.42
11/28/2018,1677.75
11/29/2018,1673.57
11/30/2018,1690.17
12/3/2018,1772.36
12/4/2018,1668.4
12/6/2018,1699.19
12/7/2018,1629.13
12/10/2018,1641.03
12/11/2018,1643.24
12/12/2018,1663.54
12/13/2018,1658.38
12/14/2018,1591.91
12/17/2018,1520.91
12/18/2018,1551.48
12/19/2018,1495.08
12/20/2018,1460.83
12/21/2018,1377.45
12/24/2018,1343.96
12/26/2018,1470.9
12/27/2018,1461.64
12/28/2018,1478.02
12/31/2018,1501.97
1/2/2019,1539.13
1/3/2019,1500.28
1/4/2019,1575.39
1/7/2019,1629.51
1/8/2019,1656.58
1/9/2019,1659.42
1/10/2019,1656.22
1/11/2019,1640.56
1/14/2019,1617.21
1/15/2019,1674.56
1/16/2019,1683.78
1/17/2019,1693.22
1/18/2019,1696.2
1/22/2019,1632.17
1/23/2019,1640.02
1/24/2019,1654.93
1/25/2019,1670.57
1/28/2019,1637.89
1/29/2019,1593.88
1/30/2019,1670.43
1/31/2019,1718.73
2/1/2019,1626.23
2/4/2019,1633.31
2/5/2019,1658.81
2/6/2019,1640.26
2/7/2019,1614.37
2/8/2019,1588.22
2/11/2019,1591
2/12/2019,1638.01
2/13/2019,1640
2/14/2019,1622.65
2/15/2019,1607.95
2/19/2019,1627.58
2/20/2019,1622.1
2/21/2019,1619.44
2/22/2019,1631.56
2/25/2019,1633
2/26/2019,1636.4
2/27/2019,1641.09
2/28/2019,1639.83
3/1/2019,1671.73
3/4/2019,1696.17
3/5/2019,1692.43
3/6/2019,1668.95
3/7/2019,1625.95
3/8/2019,1620.8
3/11/2019,1670.62
3/12/2019,1673.1
3/13/2019,1690.81
3/14/2019,1686.22
3/15/2019,1712.36
3/18/2019,1742.15
3/19/2019,1761.85
3/20/2019,1797.27
3/21/2019,1819.26
3/22/2019,1764.77
3/25/2019,1774.26
3/26/2019,1783.76
3/27/2019,1765.7
3/28/2019,1773.42
3/29/2019,1780.75
4/1/2019,1814.19
4/2/2019,1813.98
4/3/2019,1820.7
4/4/2019,1818.86
4/5/2019,1837.28
4/8/2019,1849.86
4/9/2019,1835.84
4/10/2019,1847.33
4/11/2019,1844.07
4/12/2019,1843.06
4/15/2019,1844.87
4/16/2019,1863.04
4/17/2019,1864.82
4/18/2019,1861.69
4/22/2019,1887.31
4/23/2019,1923.77
4/24/2019,1901.75
4/25/2019,1902.25
4/26/2019,1950.63
4/29/2019,1938.43
4/30/2019,1926.52
5/1/2019,1911.52
5/2/2019,1900.82
5/3/2019,1962.46
5/6/2019,1950.55
5/7/2019,1921
5/8/2019,1917.77
5/9/2019,1899.87
5/10/2019,1889.98
5/13/2019,1822.68
5/14/2019,1840.12
5/15/2019,1871.15
5/16/2019,1907.57
5/17/2019,1869
5/20/2019,1858.97
5/21/2019,1857.52
5/22/2019,1859.68
5/23/2019,1815.48
5/24/2019,1823.28
5/28/2019,1836.43
5/29/2019,1819.19
5/30/2019,1816.32
5/31/2019,1775.07
6/3/2019,1692.69
6/4/2019,1729.56
6/5/2019,1738.5
6/6/2019,1754.36
6/7/2019,1804.03
6/10/2019,1860.63
6/11/2019,1863.7
6/12/2019,1855.32
6/13/2019,1870.3
6/14/2019,1869.67
6/17/2019,1886.03
6/18/2019,1901.37
6/19/2019,1908.79
6/20/2019,1918.19
6/21/2019,1911.3
6/24/2019,1913.9
6/25/2019,1878.27
6/26/2019,1897.83
6/27/2019,1904.28
6/28/2019,1893.63
7/1/2019,1922.19
7/2/2019,1934.31
7/3/2019,1939
7/5/2019,1942.91
7/8/2019,1952.32
7/9/2019,1988.3
7/10/2019,2017.41
7/11/2019,2001.07
7/12/2019,2011
7/15/2019,2020.99
7/16/2019,2009.9
7/17/2019,1992.03
7/18/2019,1977.9
7/19/2019,1964.52
7/22/2019,1985.63
7/23/2019,1994.49
7/24/2019,2000.81
7/25/2019,1973.82
7/26/2019,1943.05
7/29/2019,1912.45
7/30/2019,1898.53
7/31/2019,1866.78
8/1/2019,1855.32
8/2/2019,1823.24
8/5/2019,1765.13
8/6/2019,1787.83
8/7/2019,1793.4
8/8/2019,1832.89
8/9/2019,1807.58
8/12/2019,1784.92
8/13/2019,1824.34
8/14/2019,1762.96
8/15/2019,1776.12
8/16/2019,1792.57
8/19/2019,1816.12
8/20/2019,1801.38
8/21/2019,1823.54
8/22/2019,1805.6
8/23/2019,1749.62
8/26/2019,1768.87
8/27/2019,1761.83
8/28/2019,1764.25
8/29/2019,1786.4
8/30/2019,1776.29
9/3/2019,1789.84
9/4/2019,1800.62
9/5/2019,1840.72
9/6/2019,1833.51
9/9/2019,1831.35
9/10/2019,1820.55
9/11/2019,1822.99
9/12/2019,1843.55
9/13/2019,1839.34
9/16/2019,1807.84
9/17/2019,1822.55
9/18/2019,1817.46
9/19/2019,1821.5
9/20/2019,1794.16
9/23/2019,1785.3
9/24/2019,1741.61
9/25/2019,1768.33
9/26/2019,1739.84
9/27/2019,1725.45
9/30/2019,1735.91
10/1/2019,1735.65
10/2/2019,1713.23
10/3/2019,1724.42
10/4/2019,1739.65
10/7/2019,1732.66
10/8/2019,1705.51
10/9/2019,1721.99
10/10/2019,1720.26
10/11/2019,1731.92
10/14/2019,1736.43
10/15/2019,1767.38
10/16/2019,1777.43
10/17/2019,1787.48
10/18/2019,1757.51
10/21/2019,1785.66
10/22/2019,1765.73
10/23/2019,1762.17
10/24/2019,1780.78
10/25/2019,1761.33
10/28/2019,1777.08
10/29/2019,1762.71
10/30/2019,1779.99
10/31/2019,1776.66
11/1/2019,1791.44
11/4/2019,1804.66
11/5/2019,1801.71
11/6/2019,1795.77
11/7/2019,1788.2
11/8/2019,1785.88
11/11/2019,1771.65
11/12/2019,1778
11/13/2019,1753.11
11/14/2019,1754.6
11/15/2019,1739.49
11/18/2019,1752.53
11/19/2019,1752.79
11/20/2019,1745.53
11/21/2019,1734.71
11/22/2019,1745.72
11/25/2019,1773.84
11/26/2019,1796.94
11/27/2019,1818.51
11/29/2019,1800.8
12/2/2019,1781.6
12/3/2019,1769.96
12/4/2019,1760.69
12/5/2019,1740.48
12/6/2019,1751.6
12/9/2019,1749.51
12/10/2019,1739.21
12/11/2019,1748.72
12/12/2019,1760.33
12/13/2019,1760.94
12/16/2019,1769.21
12/17/2019,1790.66
12/18/2019,1784.03
12/19/2019,1792.28
12/20/2019,1786.5
12/23/2019,1793
12/24/2019,1789.21
12/26/2019,1868.77
12/27/2019,1869.8
12/30/2019,1846.89
12/31/2019,1847.84
1/2/2020,1898.01
1/3/2020,1874.97
1/6/2020,1902.88
1/7/2020,1906.86
1/8/2020,1891.97
1/9/2020,1901.05
1/10/2020,1883.16
1/13/2020,1891.3
1/14/2020,1869.44
1/15/2020,1862.02
1/16/2020,1877.94
1/17/2020,1864.72
1/21/2020,1892
1/22/2020,1887.46
1/23/2020,1884.58
1/24/2020,1861.64
1/27/2020,1828.34
1/28/2020,1853.25
1/29/2020,1858
1/30/2020,1870.68
1/31/2020,2008.72
2/3/2020,2004.2
2/4/2020,2049.67
2/5/2020,2039.87
2/6/2020,2050.23
2/7/2020,2079.28
2/10/2020,2133.91
2/11/2020,2150.8
2/12/2020,2160
2/13/2020,2149.87
2/14/2020,2134.87
2/18/2020,2155.67
2/19/2020,2170.22
2/20/2020,2153.1
2/21/2020,2095.97
2/24/2020,2009.29
2/25/2020,1972.74
2/26/2020,1979.59
2/27/2020,1884.3
2/28/2020,1883.75
3/2/2020,1953.95
3/3/2020,1908.99
3/4/2020,1975.83
3/5/2020,1924.03
3/6/2020,1901.09
3/9/2020,1800.61
3/10/2020,1891.82
3/11/2020,1820.86
3/12/2020,1676.61
3/13/2020,1785
3/16/2020,1689.15
3/17/2020,1807.84
3/18/2020,1830
3/19/2020,1880.93
3/20/2020,1846.09
3/23/2020,1902.83
3/24/2020,1940.1
3/25/2020,1885.84
3/26/2020,1955.49
3/27/2020,1900.1
3/30/2020,1963.95
3/31/2020,1949.72
4/1/2020,1907.7
4/2/2020,1918.83
4/3/2020,1906.59
4/6/2020,1997.59
4/7/2020,2011.6
4/8/2020,2043
4/9/2020,2042.76
4/13/2020,2168.87
4/14/2020,2283.32
4/15/2020,2307.68
4/16/2020,2408.19
4/17/2020,2375
4/20/2020,2393.61
4/21/2020,2328.12
4/22/2020,2363.49
4/23/2020,2399.45
4/24/2020,2410.22
4/27/2020,2376
4/28/2020,2314.08
4/29/2020,2372.71
4/30/2020,2474
5/1/2020,2286.04
5/4/2020,2315.99
5/5/2020,2317.8
5/6/2020,2351.26
5/7/2020,2367.61
5/8/2020,2379.61
5/11/2020,2409
5/12/2020,2356.95
5/13/2020,2367.92
5/14/2020,2388.85
5/15/2020,2409.78
5/18/2020,2426.26
5/19/2020,2449.33
5/20/2020,2497.94
5/21/2020,2446.74
5/22/2020,2436.88
5/26/2020,2421.86
5/27/2020,2410.39
5/28/2020,2401.1
5/29/2020,2442.37
6/1/2020,2471.04
6/2/2020,2472.41
6/3/2020,2478.4
6/4/2020,2460.6
6/5/2020,2483
6/8/2020,2524.06
6/9/2020,2600.86
6/10/2020,2647.45
6/11/2020,2557.96
6/12/2020,2545.02
6/15/2020,2572.68
6/16/2020,2615.27
6/17/2020,2640.98
6/18/2020,2653.98
6/19/2020,2675.01
6/22/2020,2713.82
6/23/2020,2764.41
6/24/2020,2734.4
6/25/2020,2754.58
6/26/2020,2692.87
6/29/2020,2680.38
6/30/2020,2758.82
7/1/2020,2878.7
7/2/2020,2890.3
7/6/2020,3057.04
7/7/2020,3000.12
7/8/2020,3081.11
7/9/2020,3182.63
7/10/2020,3200
7/13/2020,3104
7/14/2020,3084
7/15/2020,3008.87
7/16/2020,2999.9
7/17/2020,2961.97
7/20/2020,3196.84
7/21/2020,3138.29
7/22/2020,3099.91
7/23/2020,2986.55
7/24/2020,3008.91
7/27/2020,3055.21
7/28/2020,3000.33
7/29/2020,3033.53
7/30/2020,3051.88
7/31/2020,3164.68
8/3/2020,3111.89
8/4/2020,3138.83
8/5/2020,3205.03
8/6/2020,3225
8/7/2020,3167.46
8/10/2020,3148.16
8/11/2020,3080.67
8/12/2020,3162.24
8/13/2020,3161.02
8/14/2020,3148.02
8/17/2020,3182.41
8/18/2020,3312.49
8/19/2020,3260.48
8/20/2020,3297.37
8/21/2020,3284.72
8/24/2020,3307.46
8/25/2020,3346.49
8/26/2020,3441.85
8/27/2020,3400
8/28/2020,3401.8
8/31/2020,3450.96
9/1/2020,3499.12
9/2/2020,3531.45
9/3/2020,3368
9/4/2020,3294.62
9/8/2020,3149.84
9/9/2020,3268.61
9/10/2020,3175.11
9/11/2020,3116.22
9/14/2020,3102.97
9/15/2020,3156.13
9/16/2020,3078.1
9/17/2020,3008.73
9/18/2020,2954.91
9/21/2020,2960.47
9/22/2020,3128.99
9/23/2020,2999.86
9/24/2020,3019.79
9/25/2020,3095.13
9/28/2020,3174.05
9/29/2020,3144.88
9/30/2020,3148.73
10/1/2020,3221.26
10/2/2020,3125
10/5/2020,3199.2
10/6/2020,3099.96
10/7/2020,3195.69
10/8/2020,3190.55
10/9/2020,3286.65
10/12/2020,3442.93
10/13/2020,3443.63
10/14/2020,3363.71
10/15/2020,3338.65
10/16/2020,3272.71
10/19/2020,3207.21
10/20/2020,3217.01
10/21/2020,3184.94
10/22/2020,3176.4
10/23/2020,3204.4
10/26/2020,3207.04
10/27/2020,3286.33
10/28/2020,3162.78
10/29/2020,3211.01
10/30/2020,3036.15
11/2/2020,3004.48
11/3/2020,3048.41
11/4/2020,3241.16
11/5/2020,3322
11/6/2020,3311.37
11/9/2020,3143.74
11/10/2020,3035.02
11/11/2020,3137.39
11/12/2020,3110.28
11/13/2020,3128.81
11/16/2020,3131.06
11/17/2020,3135.66
11/18/2020,3105.46
11/19/2020,3117.02
11/20/2020,3099.4
11/23/2020,3098.39
11/24/2020,3118.06
11/25/2020,3185.07
11/27/2020,3195.34
11/30/2020,3168.04
12/1/2020,3220.08
12/2/2020,3203.53
12/3/2020,3186.73
12/4/2020,3162.58
12/7/2020,3158
12/8/2020,3177.29
12/9/2020,3104.2
12/10/2020,3101.49
12/11/2020,3116.42
12/14/2020,3156.97
12/15/2020,3165.12
12/16/2020,3240.96
12/17/2020,3236.08
12/18/2020,3201.65
12/21/2020,3206.18
12/22/2020,3206.52
12/23/2020,3185.27
12/24/2020,3172.69
12/28/2020,3283.96
12/29/2020,3322
12/30/2020,3285.85
12/31/2020,3256.93
1/4/2021,3186.63
1/5/2021,3218.51
1/6/2021,3138.38
1/7/2021,3162.16
1/8/2021,3182.7
1/11/2021,3114.21
1/12/2021,3120.83
1/13/2021,3165.89
1/14/2021,3127.47
1/15/2021,3104.25
1/19/2021,3120.76
1/20/2021,3263.38
1/21/2021,3306.99
1/22/2021,3292.23
1/25/2021,3294
1/26/2021,3326.13
1/27/2021,3232.58
1/28/2021,3237.62
1/29/2021,3206.2
2/1/2021,3342.88
2/2/2021,3380
2/3/2021,3312.53
2/4/2021,3331
2/5/2021,3352.15